image_path,annotation_path,label,slice_idx,n_total_slices,img_size,aria,contur,dice
E:\AchizitiiOctombrieUMF2021OCT_2\IMG001,D:\ai intro\OCT\Adnotari\IMG001.annotation.json,Calcium Nodule,145,15,"(268, 1024, 1024, 3)",902,Closed,0
E:\AchizitiiOctombrieUMF2021OCT_2\IMG001,D:\ai intro\OCT\Adnotari\IMG001.annotation.json,Calcium Nodule,160,13,"(539, 1024, 1024, 3)",1065.5,Closed,0
E:\AchizitiiOctombrieUMF2021OCT_2\IMG001,D:\ai intro\OCT\Adnotari\IMG001.annotation.json,Calcium Nodule,122,7,"(269, 1024, 1024, 3)",1591.5,Closed,0
E:\AchizitiiOctombrieUMF2021OCT_2\IMG001,D:\ai intro\OCT\Adnotari\IMG001.annotation.json,Calcium Nodule,286,9,"(539, 1024, 1024, 3)",13009,Open,-1
E:\AchizitiiOctombrieUMF2021OCT_2\IMG001,D:\ai intro\OCT\Adnotari\IMG001.annotation.json,Calcium Nodule,148,10,"(539, 1024, 1024, 3)",1668.5,Closed,0
E:\AchizitiiOctombrieUMF2021OCT_2\IMG001,D:\ai intro\OCT\Adnotari\IMG001.annotation.json,Calcium Nodule,341,8,"(539, 1024, 1024, 3)",1686,Closed,0
E:\AchizitiiOctombrieUMF2021OCT_2\IMG001,D:\ai intro\OCT\Adnotari\IMG001.annotation.json,Calcium Nodule,75,7,"(269, 1024, 1024, 3)",1992,Closed,0
E:\AchizitiiOctombrieUMF2021OCT_2\IMG001,D:\ai intro\OCT\Adnotari\IMG001.annotation.json,Calcium Nodule,35,8,"(268, 1024, 1024, 3)",2093,Closed,0
E:\AchizitiiOctombrieUMF2021OCT_2\IMG001,D:\ai intro\OCT\Adnotari\IMG001.annotation.json,Calcium Nodule,28,7,"(269, 1024, 1024, 3)",2466,Closed,0
E:\AchizitiiOctombrieUMF2021OCT_2\IMG002,D:\ai intro\OCT\Adnotari\IMG002.annotation.json,Calcium Nodule,122,12,"(268, 1024, 1024, 3)",7394,Open,-1
E:\AchizitiiOctombrieUMF2021OCT_2\IMG002,D:\ai intro\OCT\Adnotari\IMG002.annotation.json,Calcium Nodule,77,8,"(268, 1024, 1024, 3)",2664.5,Closed,0.03972021
E:\AchizitiiOctombrieUMF2021OCT_2\IMG002,D:\ai intro\OCT\Adnotari\IMG002.annotation.json,Calcium Nodule,141,12,"(268, 1024, 1024, 3)",26289,Open,-1
E:\AchizitiiOctombrieUMF2021OCT_2\IMG002,D:\ai intro\OCT\Adnotari\IMG002.annotation.json,Calcium Nodule,150,12,"(268, 1024, 1024, 3)",44437,Open,-1
E:\AchizitiiOctombrieUMF2021OCT_2\IMG002,D:\ai intro\OCT\Adnotari\IMG002.annotation.json,Calcium Nodule,64,8,"(268, 1024, 1024, 3)",2694.5,Closed,0
E:\AchizitiiOctombrieUMF2021OCT_2\IMG002,D:\ai intro\OCT\Adnotari\IMG002.annotation.json,Calcium Nodule,90,7,"(269, 1024, 1024, 3)",3166,Closed,0.011269549
E:\AchizitiiOctombrieUMF2021OCT_2\IMG002,D:\ai intro\OCT\Adnotari\IMG002.annotation.json,Calcium Nodule,22,8,"(271, 1024, 1024, 3)",3213.5,Closed,0
E:\AchizitiiOctombrieUMF2021OCT_2\IMG002,D:\ai intro\OCT\Adnotari\IMG002.annotation.json,Calcium Nodule,45,8,"(268, 1024, 1024, 3)",3240,Closed,0
E:\AchizitiiOctombrieUMF2021OCT_2\IMG002,D:\ai intro\OCT\Adnotari\IMG002.annotation.json,Calcium Nodule,325,8,"(539, 1024, 1024, 3)",3258.5,Closed,0
E:\AchizitiiOctombrieUMF2021OCT_2\IMG002,D:\ai intro\OCT\Adnotari\IMG002.annotation.json,Calcium Nodule,95,7,"(271, 1024, 1024, 3)",3274,Closed,0.003011198
E:\AchizitiiOctombrieUMF2021OCT_2\IMG002,D:\ai intro\OCT\Adnotari\IMG002.annotation.json,Calcium Nodule,261,7,"(539, 1024, 1024, 3)",3301.5,Closed,0
E:\AchizitiiOctombrieUMF2021OCT_2\IMG002,D:\ai intro\OCT\Adnotari\IMG002.annotation.json,Calcium Nodule,214,12,"(268, 1024, 1024, 3)",30912,Open,-1
E:\AchizitiiOctombrieUMF2021OCT_2\IMG002,D:\ai intro\OCT\Adnotari\IMG002.annotation.json,Calcium Nodule,97,7,"(269, 1024, 1024, 3)",3331,Closed,0
E:\AchizitiiOctombrieUMF2021OCT_2\IMG002,D:\ai intro\OCT\Adnotari\IMG002.annotation.json,Calcium Nodule,20,8,"(271, 1024, 1024, 3)",3395,Closed,0
E:\AchizitiiOctombrieUMF2021OCT_2\IMG002,D:\ai intro\OCT\Adnotari\IMG002.annotation.json,Calcium Nodule,72,8,"(268, 1024, 1024, 3)",3430,Closed,0
E:\AchizitiiOctombrieUMF2021OCT_2\IMG003,D:\ai intro\OCT\Adnotari\IMG003.annotation.json,Calcium Nodule,25,8,"(271, 1024, 1024, 3)",3892.5,Closed,0
E:\AchizitiiOctombrieUMF2021OCT_2\IMG003,D:\ai intro\OCT\Adnotari\IMG003.annotation.json,Calcium Nodule,145,3,"(269, 1024, 1024, 3)",9789.5,Open,-1
E:\AchizitiiOctombrieUMF2021OCT_2\IMG003,D:\ai intro\OCT\Adnotari\IMG003.annotation.json,Calcium Nodule,148,3,"(269, 1024, 1024, 3)",6624,Open,-1
E:\AchizitiiOctombrieUMF2021OCT_2\IMG003,D:\ai intro\OCT\Adnotari\IMG003.annotation.json,Calcium Nodule,40,4,"(271, 1024, 1024, 3)",3956.5,Closed,0
E:\AchizitiiOctombrieUMF2021OCT_2\IMG003,D:\ai intro\OCT\Adnotari\IMG003.annotation.json,Calcium Nodule,28,8,"(271, 1024, 1024, 3)",4079,Closed,0
E:\AchizitiiOctombrieUMF2021OCT_2\IMG003,D:\ai intro\OCT\Adnotari\IMG003.annotation.json,Calcium Nodule,87,7,"(271, 1024, 1024, 3)",4080,Closed,0.037571157
E:\AchizitiiOctombrieUMF2021OCT_2\IMG003,D:\ai intro\OCT\Adnotari\IMG003.annotation.json,Calcium Nodule,90,7,"(271, 1024, 1024, 3)",4261.5,Closed,0.125323369
E:\AchizitiiOctombrieUMF2021OCT_2\IMG005,D:\ai intro\OCT\Adnotari\IMG005.annotation.json,Calcium Nodule,191,6,"(271, 1024, 1024, 3)",76.5,Open,-1
E:\AchizitiiOctombrieUMF2021OCT_2\IMG005,D:\ai intro\OCT\Adnotari\IMG005.annotation.json,Calcium Nodule,16,3,"(539, 1024, 1024, 3)",4283.5,Closed,0
E:\AchizitiiOctombrieUMF2021OCT_2\IMG005,D:\ai intro\OCT\Adnotari\IMG005.annotation.json,Calcium Nodule,89,7,"(271, 1024, 1024, 3)",4587.5,Closed,0.075745711
E:\AchizitiiOctombrieUMF2021OCT_2\IMG005,D:\ai intro\OCT\Adnotari\IMG005.annotation.json,Calcium Nodule,392,6,"(539, 1024, 1024, 3)",4640.5,Closed,0
E:\AchizitiiOctombrieUMF2021OCT_2\IMG005,D:\ai intro\OCT\Adnotari\IMG005.annotation.json,Calcium Nodule,320,8,"(539, 1024, 1024, 3)",4668.5,Closed,0
E:\AchizitiiOctombrieUMF2021OCT_2\IMG005,D:\ai intro\OCT\Adnotari\IMG005.annotation.json,Calcium Nodule,274,9,"(539, 1024, 1024, 3)",4676.5,Closed,0
E:\AchizitiiOctombrieUMF2021OCT_2\IMG005,D:\ai intro\OCT\Adnotari\IMG005.annotation.json,Calcium Nodule,172,7,"(271, 1024, 1024, 3)",5015,Closed,0.002426505
E:\AchizitiiOctombrieUMF2021OCT_2\IMG005,D:\ai intro\OCT\Adnotari\IMG005.annotation.json,Calcium Nodule,195,6,"(268, 1024, 1024, 3)",5213.5,Closed,0
E:\AchizitiiOctombrieUMF2021OCT_2\IMG005,D:\ai intro\OCT\Adnotari\IMG005.annotation.json,Calcium Nodule,214,3,"(539, 1024, 1024, 3)",5222.5,Closed,0
E:\AchizitiiOctombrieUMF2021OCT_2\IMG006,D:\ai intro\OCT\Adnotari\IMG006.annotation.json,Calcium Nodule,88,7,"(271, 1024, 1024, 3)",5286.5,Closed,0.155900752
E:\AchizitiiOctombrieUMF2021OCT_2\IMG006,D:\ai intro\OCT\Adnotari\IMG006.annotation.json,Calcium Nodule,5,7,"(269, 1024, 1024, 3)",5566.5,Closed,0
E:\AchizitiiOctombrieUMF2021OCT_2\IMG006,D:\ai intro\OCT\Adnotari\IMG006.annotation.json,Calcium Nodule,224,3,"(539, 1024, 1024, 3)",5672,Closed,0
E:\AchizitiiOctombrieUMF2021OCT_2\IMG006,D:\ai intro\OCT\Adnotari\IMG006.annotation.json,Calcium Nodule,72,3,"(268, 1024, 1024, 3)",6168.5,Closed,0
E:\AchizitiiOctombrieUMF2021OCT_2\IMG014,D:\ai intro\OCT\Adnotari\IMG014.annotation.json,Calcium Nodule,89,5,"(271, 1024, 1024, 3)",10633.5,Closed,-1
E:\AchizitiiOctombrieUMF2021OCT_2\IMG014,D:\ai intro\OCT\Adnotari\IMG014.annotation.json,Calcium Nodule,90,5,"(271, 1024, 1024, 3)",10948.5,Closed,-1
E:\AchizitiiOctombrieUMF2021OCT_2\IMG014,D:\ai intro\OCT\Adnotari\IMG014.annotation.json,Calcium Nodule,91,5,"(271, 1024, 1024, 3)",8670,Closed,-1
E:\AchizitiiOctombrieUMF2021OCT_2\IMG014,D:\ai intro\OCT\Adnotari\IMG014.annotation.json,Calcium Nodule,92,5,"(271, 1024, 1024, 3)",7454.5,Closed,-1
E:\AchizitiiOctombrieUMF2021OCT_2\IMG014,D:\ai intro\OCT\Adnotari\IMG014.annotation.json,Calcium Nodule,93,5,"(271, 1024, 1024, 3)",4615.5,Closed,-1
E:\AchizitiiOctombrieUMF2021OCT_2\IMG018,D:\ai intro\OCT\Adnotari\IMG018.annotation.json,Calcium Nodule,140,3,"(269, 1024, 1024, 3)",6178,Closed,0
E:\AchizitiiOctombrieUMF2021OCT_2\IMG018,D:\ai intro\OCT\Adnotari\IMG018.annotation.json,Calcium Nodule,86,7,"(271, 1024, 1024, 3)",2478.5,Open,-1
E:\AchizitiiOctombrieUMF2021OCT_2\IMG018,D:\ai intro\OCT\Adnotari\IMG018.annotation.json,Calcium Nodule,233,3,"(539, 1024, 1024, 3)",6251.5,Closed,0
E:\AchizitiiOctombrieUMF2021OCT_2\IMG018,D:\ai intro\OCT\Adnotari\IMG018.annotation.json,Calcium Nodule,108,2,"(268, 1024, 1024, 3)",6294,Closed,0
E:\AchizitiiOctombrieUMF2021OCT_2\IMG018,D:\ai intro\OCT\Adnotari\IMG018.annotation.json,Calcium Nodule,81,7,"(269, 1024, 1024, 3)",6309.5,Closed,0
E:\AchizitiiOctombrieUMF2021OCT_2\IMG018,D:\ai intro\OCT\Adnotari\IMG018.annotation.json,Calcium Nodule,149,7,"(269, 1024, 1024, 3)",6330.5,Closed,0
E:\AchizitiiOctombrieUMF2021OCT_2\IMG018,D:\ai intro\OCT\Adnotari\IMG018.annotation.json,Calcium Nodule,211,6,"(271, 1024, 1024, 3)",6559.5,Closed,0
E:\AchizitiiOctombrieUMF2021OCT_2\IMG018,D:\ai intro\OCT\Adnotari\IMG018.annotation.json,Calcium Nodule,120,7,"(269, 1024, 1024, 3)",6888,Closed,0
E:\AchizitiiOctombrieUMF2021OCT_2\IMG018,D:\ai intro\OCT\Adnotari\IMG018.annotation.json,Calcium Nodule,55,1,"(268, 1024, 1024, 3)",6892,Closed,0
E:\AchizitiiOctombrieUMF2021OCT_2\IMG018,D:\ai intro\OCT\Adnotari\IMG018.annotation.json,Calcium Nodule,100,7,"(271, 1024, 1024, 3)",6993.5,Closed,0
E:\AchizitiiOctombrieUMF2021OCT_2\IMG018,D:\ai intro\OCT\Adnotari\IMG018.annotation.json,Calcium Nodule,229,2,"(268, 1024, 1024, 3)",7015,Closed,0
E:\AchizitiiOctombrieUMF2021OCT_2\IMG018,D:\ai intro\OCT\Adnotari\IMG018.annotation.json,Calcium Nodule,450,4,"(539, 1024, 1024, 3)",7193,Closed,0
E:\AchizitiiOctombrieUMF2021OCT_2\IMG020,D:\ai intro\OCT\Adnotari\IMG020.annotation.json,Calcium Nodule,162,7,"(271, 1024, 1024, 3)",7326,Closed,0.287633412
E:\AchizitiiOctombrieUMF2021OCT_2\IMG020,D:\ai intro\OCT\Adnotari\IMG020.annotation.json,Calcium Nodule,27,5,"(269, 1024, 1024, 3)",7478.5,Closed,0.014113119
E:\AchizitiiOctombrieUMF2021OCT_2\IMG020,D:\ai intro\OCT\Adnotari\IMG020.annotation.json,Calcium Nodule,115,4,"(271, 1024, 1024, 3)",7559,Closed,0
E:\AchizitiiOctombrieUMF2021OCT_2\IMG020,D:\ai intro\OCT\Adnotari\IMG020.annotation.json,Calcium Nodule,54,8,"(268, 1024, 1024, 3)",7782.5,Closed,0
E:\AchizitiiOctombrieUMF2021OCT_2\IMG020,D:\ai intro\OCT\Adnotari\IMG020.annotation.json,Calcium Nodule,254,7,"(539, 1024, 1024, 3)",7848.5,Closed,0.015441631
E:\AchizitiiOctombrieUMF2021OCT_2\IMG020,D:\ai intro\OCT\Adnotari\IMG020.annotation.json,Calcium Nodule,95,4,"(268, 1024, 1024, 3)",7864.5,Closed,0
E:\AchizitiiOctombrieUMF2021OCT_2\IMG020,D:\ai intro\OCT\Adnotari\IMG020.annotation.json,Calcium Nodule,116,4,"(271, 1024, 1024, 3)",8149.5,Closed,0
E:\AchizitiiOctombrieUMF2021OCT_2\IMG020,D:\ai intro\OCT\Adnotari\IMG020.annotation.json,Calcium Nodule,89,10,"(271, 1024, 1024, 3)",52607.5,Open,-1
E:\AchizitiiOctombrieUMF2021OCT_2\IMG020,D:\ai intro\OCT\Adnotari\IMG020.annotation.json,Calcium Nodule,102,2,"(268, 1024, 1024, 3)",8168,Closed,0.024069792
E:\AchizitiiOctombrieUMF2021OCT_2\IMG020,D:\ai intro\OCT\Adnotari\IMG020.annotation.json,Calcium Nodule,57,8,"(271, 1024, 1024, 3)",8373.5,Closed,0
E:\AchizitiiOctombrieUMF2021OCT_2\IMG021,D:\ai intro\OCT\Adnotari\IMG021.annotation.json,Calcium Nodule,192,6,"(268, 1024, 1024, 3)",8505,Closed,0
E:\AchizitiiOctombrieUMF2021OCT_2\IMG021,D:\ai intro\OCT\Adnotari\IMG021.annotation.json,Calcium Nodule,212,3,"(268, 1024, 1024, 3)",8601.5,Closed,0.270342655
E:\AchizitiiOctombrieUMF2021OCT_2\IMG021,D:\ai intro\OCT\Adnotari\IMG021.annotation.json,Calcium Nodule,61,6,"(268, 1024, 1024, 3)",8706,Closed,0.036317883
E:\AchizitiiOctombrieUMF2021OCT_2\IMG021,D:\ai intro\OCT\Adnotari\IMG021.annotation.json,Calcium Nodule,129,4,"(271, 1024, 1024, 3)",8906.5,Closed,0
E:\AchizitiiOctombrieUMF2021OCT_2\IMG021,D:\ai intro\OCT\Adnotari\IMG021.annotation.json,Calcium Nodule,9,7,"(269, 1024, 1024, 3)",8971.5,Closed,0.051065604
E:\AchizitiiOctombrieUMF2021OCT_2\IMG021,D:\ai intro\OCT\Adnotari\IMG021.annotation.json,Calcium Nodule,189,6,"(268, 1024, 1024, 3)",9059.5,Closed,0.010846764
E:\AchizitiiOctombrieUMF2021OCT_2\IMG021,D:\ai intro\OCT\Adnotari\IMG021.annotation.json,Calcium Nodule,386,6,"(539, 1024, 1024, 3)",9329.5,Closed,0.033923789
E:\AchizitiiOctombrieUMF2021OCT_2\IMG021,D:\ai intro\OCT\Adnotari\IMG021.annotation.json,Calcium Nodule,99,4,"(268, 1024, 1024, 3)",9379.5,Closed,0
E:\AchizitiiOctombrieUMF2021OCT_2\IMG021,D:\ai intro\OCT\Adnotari\IMG021.annotation.json,Calcium Nodule,53,8,"(271, 1024, 1024, 3)",9652.5,Closed,0
E:\AchizitiiOctombrieUMF2021OCT_2\IMG025,D:\ai intro\OCT\Adnotari\IMG025.annotation.json,Calcium Nodule,55,8,"(271, 1024, 1024, 3)",10259,Closed,0
E:\AchizitiiOctombrieUMF2021OCT_2\IMG025,D:\ai intro\OCT\Adnotari\IMG025.annotation.json,Calcium Nodule,65,8,"(271, 1024, 1024, 3)",10412,Closed,0
E:\AchizitiiOctombrieUMF2021OCT_2\IMG025,D:\ai intro\OCT\Adnotari\IMG025.annotation.json,Calcium Nodule,138,10,"(539, 1024, 1024, 3)",10614.5,Closed,0
E:\AchizitiiOctombrieUMF2021OCT_2\IMG025,D:\ai intro\OCT\Adnotari\IMG025.annotation.json,Calcium Nodule,278,9,"(539, 1024, 1024, 3)",10826.5,Closed,0
E:\AchizitiiOctombrieUMF2021OCT_2\IMG025,D:\ai intro\OCT\Adnotari\IMG025.annotation.json,Calcium Nodule,130,4,"(271, 1024, 1024, 3)",11066,Closed,0
E:\AchizitiiOctombrieUMF2021OCT_2\IMG025,D:\ai intro\OCT\Adnotari\IMG025.annotation.json,Calcium Nodule,313,11,"(539, 1024, 1024, 3)",11616,Closed,0
E:\AchizitiiOctombrieUMF2021OCT_2\IMG025,D:\ai intro\OCT\Adnotari\IMG025.annotation.json,Calcium Nodule,18,7,"(269, 1024, 1024, 3)",11674,Closed,0
E:\AchizitiiOctombrieUMF2021OCT_2\IMG025,D:\ai intro\OCT\Adnotari\IMG025.annotation.json,Calcium Nodule,432,4,"(539, 1024, 1024, 3)",11933,Closed,0
E:\AchizitiiOctombrieUMF2021OCT_2\IMG025,D:\ai intro\OCT\Adnotari\IMG025.annotation.json,Calcium Nodule,15,7,"(269, 1024, 1024, 3)",11968,Closed,0
E:\AchizitiiOctombrieUMF2021OCT_2\IMG025,D:\ai intro\OCT\Adnotari\IMG025.annotation.json,Calcium Nodule,281,9,"(539, 1024, 1024, 3)",12302,Closed,0.004387798
E:\AchizitiiOctombrieUMF2021OCT_2\IMG025,D:\ai intro\OCT\Adnotari\IMG025.annotation.json,Calcium Nodule,301,9,"(539, 1024, 1024, 3)",12553.5,Closed,0
E:\AchizitiiOctombrieUMF2021OCT_2\IMG025,D:\ai intro\OCT\Adnotari\IMG025.annotation.json,Calcium Nodule,31,4,"(271, 1024, 1024, 3)",12757.5,Closed,0
E:\AchizitiiOctombrieUMF2021OCT_2\IMG025,D:\ai intro\OCT\Adnotari\IMG025.annotation.json,Calcium Nodule,137,4,"(539, 1024, 1024, 3)",12989,Closed,0
E:\AchizitiiOctombrieUMF2021OCT_2\IMG025,D:\ai intro\OCT\Adnotari\IMG025.annotation.json,Calcium Nodule,102,4,"(268, 1024, 1024, 3)",13142,Closed,0
E:\AchizitiiOctombrieUMF2021OCT_2\IMG025,D:\ai intro\OCT\Adnotari\IMG025.annotation.json,Calcium Nodule,2,10,"(271, 1024, 1024, 3)",13274,Closed,0
E:\AchizitiiOctombrieUMF2021OCT_2\IMG025,D:\ai intro\OCT\Adnotari\IMG025.annotation.json,Calcium Nodule,50,8,"(268, 1024, 1024, 3)",13326.5,Closed,0
E:\AchizitiiOctombrieUMF2021OCT_2\IMG025,D:\ai intro\OCT\Adnotari\IMG025.annotation.json,Calcium Nodule,205,3,"(268, 1024, 1024, 3)",13357,Closed,0.083313519
E:\AchizitiiOctombrieUMF2021OCT_2\IMG025,D:\ai intro\OCT\Adnotari\IMG025.annotation.json,Calcium Nodule,58,8,"(268, 1024, 1024, 3)",13377,Closed,0.154016045
E:\AchizitiiOctombrieUMF2021OCT_2\IMG025,D:\ai intro\OCT\Adnotari\IMG025.annotation.json,Calcium Nodule,236,9,"(271, 1024, 1024, 3)",13504.5,Closed,0
E:\AchizitiiOctombrieUMF2021OCT_2\IMG025,D:\ai intro\OCT\Adnotari\IMG025.annotation.json,Calcium Nodule,46,28,"(271, 1024, 1024, 3)",7328.5,Open,-1
E:\AchizitiiOctombrieUMF2021OCT_2\IMG025,D:\ai intro\OCT\Adnotari\IMG025.annotation.json,Calcium Nodule,47,28,"(271, 1024, 1024, 3)",11940,Open,-1
E:\AchizitiiOctombrieUMF2021OCT_2\IMG025,D:\ai intro\OCT\Adnotari\IMG025.annotation.json,Calcium Nodule,51,28,"(271, 1024, 1024, 3)",31878.5,Open,-1
E:\AchizitiiOctombrieUMF2021OCT_2\IMG025,D:\ai intro\OCT\Adnotari\IMG025.annotation.json,Calcium Nodule,56,28,"(271, 1024, 1024, 3)",27725.5,Open,-1
E:\AchizitiiOctombrieUMF2021OCT_2\IMG025,D:\ai intro\OCT\Adnotari\IMG025.annotation.json,Calcium Nodule,60,28,"(271, 1024, 1024, 3)",21311,Open,-1
E:\AchizitiiOctombrieUMF2021OCT_2\IMG025,D:\ai intro\OCT\Adnotari\IMG025.annotation.json,Calcium Nodule,65,28,"(271, 1024, 1024, 3)",9312,Open,-1
E:\AchizitiiOctombrieUMF2021OCT_2\IMG025,D:\ai intro\OCT\Adnotari\IMG025.annotation.json,Calcium Nodule,70,28,"(271, 1024, 1024, 3)",10130.5,Open,-1
E:\AchizitiiOctombrieUMF2021OCT_2\IMG025,D:\ai intro\OCT\Adnotari\IMG025.annotation.json,Calcium Nodule,75,28,"(271, 1024, 1024, 3)",7793,Open,-1
E:\AchizitiiOctombrieUMF2021OCT_2\IMG025,D:\ai intro\OCT\Adnotari\IMG025.annotation.json,Calcium Nodule,77,28,"(271, 1024, 1024, 3)",17003,Open,-1
E:\AchizitiiOctombrieUMF2021OCT_2\IMG026,D:\ai intro\OCT\Adnotari\IMG026.annotation.json,Calcium Nodule,293,9,"(539, 1024, 1024, 3)",13792.5,Closed,0
E:\AchizitiiOctombrieUMF2021OCT_2\IMG026,D:\ai intro\OCT\Adnotari\IMG026.annotation.json,Calcium Nodule,172,9,"(271, 1024, 1024, 3)",13936,Closed,0.003654146
E:\AchizitiiOctombrieUMF2021OCT_2\IMG026,D:\ai intro\OCT\Adnotari\IMG026.annotation.json,Calcium Nodule,20,4,"(271, 1024, 1024, 3)",14013,Closed,0
E:\AchizitiiOctombrieUMF2021OCT_2\IMG027,D:\ai intro\OCT\Adnotari\IMG027.annotation.json,Calcium Nodule,214,6,"(271, 1024, 1024, 3)",14114,Closed,0.055970638
E:\AchizitiiOctombrieUMF2021OCT_2\IMG027,D:\ai intro\OCT\Adnotari\IMG027.annotation.json,Calcium Nodule,237,9,"(271, 1024, 1024, 3)",14151.5,Closed,0
E:\AchizitiiOctombrieUMF2021OCT_2\IMG027,D:\ai intro\OCT\Adnotari\IMG027.annotation.json,Calcium Nodule,440,4,"(539, 1024, 1024, 3)",14225.5,Closed,0
E:\AchizitiiOctombrieUMF2021OCT_2\IMG027,D:\ai intro\OCT\Adnotari\IMG027.annotation.json,Calcium Nodule,235,9,"(271, 1024, 1024, 3)",14415,Closed,0
E:\AchizitiiOctombrieUMF2021OCT_2\IMG027,D:\ai intro\OCT\Adnotari\IMG027.annotation.json,Calcium Nodule,80,2,"(268, 1024, 1024, 3)",14447,Closed,0.012164833
E:\AchizitiiOctombrieUMF2021OCT_2\IMG027,D:\ai intro\OCT\Adnotari\IMG027.annotation.json,Calcium Nodule,5,10,"(271, 1024, 1024, 3)",14487.5,Closed,0
E:\AchizitiiOctombrieUMF2021OCT_2\IMG030,D:\ai intro\OCT\Adnotari\IMG030.annotation.json,Calcium Nodule,300,9,"(539, 1024, 1024, 3)",14520.5,Closed,0
E:\AchizitiiOctombrieUMF2021OCT_2\IMG030,D:\ai intro\OCT\Adnotari\IMG030.annotation.json,Calcium Nodule,216,6,"(271, 1024, 1024, 3)",15061,Closed,0
E:\AchizitiiOctombrieUMF2021OCT_2\IMG030,D:\ai intro\OCT\Adnotari\IMG030.annotation.json,Calcium Nodule,77,2,"(268, 1024, 1024, 3)",15244,Closed,0.058022014
E:\AchizitiiOctombrieUMF2021OCT_2\IMG030,D:\ai intro\OCT\Adnotari\IMG030.annotation.json,Calcium Nodule,289,9,"(539, 1024, 1024, 3)",15535,Closed,0
E:\AchizitiiOctombrieUMF2021OCT_2\IMG030,D:\ai intro\OCT\Adnotari\IMG030.annotation.json,Calcium Nodule,76,6,"(268, 1024, 1024, 3)",12856,Open,-1
E:\AchizitiiOctombrieUMF2021OCT_2\IMG030,D:\ai intro\OCT\Adnotari\IMG030.annotation.json,Calcium Nodule,436,4,"(539, 1024, 1024, 3)",15602,Closed,0
E:\AchizitiiOctombrieUMF2021OCT_2\IMG031,D:\ai intro\OCT\Adnotari\IMG031.annotation.json,Calcium Nodule,43,8,"(268, 1024, 1024, 3)",17980.5,Open,-1
E:\AchizitiiOctombrieUMF2021OCT_2\IMG031,D:\ai intro\OCT\Adnotari\IMG031.annotation.json,Calcium Nodule,47,8,"(268, 1024, 1024, 3)",27016.5,Open,-1
E:\AchizitiiOctombrieUMF2021OCT_2\IMG031,D:\ai intro\OCT\Adnotari\IMG031.annotation.json,Calcium Nodule,52,8,"(268, 1024, 1024, 3)",18327,Open,-1
E:\AchizitiiOctombrieUMF2021OCT_2\IMG031,D:\ai intro\OCT\Adnotari\IMG031.annotation.json,Calcium Nodule,63,8,"(268, 1024, 1024, 3)",28780.5,Open,-1
E:\AchizitiiOctombrieUMF2021OCT_2\IMG031,D:\ai intro\OCT\Adnotari\IMG031.annotation.json,Calcium Nodule,70,8,"(268, 1024, 1024, 3)",22775,Open,-1
E:\AchizitiiOctombrieUMF2021OCT_2\IMG031,D:\ai intro\OCT\Adnotari\IMG031.annotation.json,Calcium Nodule,77,8,"(268, 1024, 1024, 3)",29413,Open,-1
E:\AchizitiiOctombrieUMF2021OCT_2\IMG031,D:\ai intro\OCT\Adnotari\IMG031.annotation.json,Calcium Nodule,81,8,"(268, 1024, 1024, 3)",21273.5,Open,-1
E:\AchizitiiOctombrieUMF2021OCT_2\IMG031,D:\ai intro\OCT\Adnotari\IMG031.annotation.json,Calcium Nodule,86,8,"(268, 1024, 1024, 3)",8722.5,Open,-1
E:\AchizitiiOctombrieUMF2021OCT_2\IMG031,D:\ai intro\OCT\Adnotari\IMG031.annotation.json,Calcium Nodule,124,11,"(268, 1024, 1024, 3)",29786,Open,-1
E:\AchizitiiOctombrieUMF2021OCT_2\IMG031,D:\ai intro\OCT\Adnotari\IMG031.annotation.json,Calcium Nodule,132,11,"(268, 1024, 1024, 3)",46962,Open,-1
E:\AchizitiiOctombrieUMF2021OCT_2\IMG031,D:\ai intro\OCT\Adnotari\IMG031.annotation.json,Calcium Nodule,140,11,"(268, 1024, 1024, 3)",12316.5,Open,-1
E:\AchizitiiOctombrieUMF2021OCT_2\IMG031,D:\ai intro\OCT\Adnotari\IMG031.annotation.json,Calcium Nodule,208,3,"(268, 1024, 1024, 3)",15603.5,Closed,0.266624007
E:\AchizitiiOctombrieUMF2021OCT_2\IMG031,D:\ai intro\OCT\Adnotari\IMG031.annotation.json,Calcium Nodule,161,16,"(268, 1024, 1024, 3)",14461,Open,-1
E:\AchizitiiOctombrieUMF2021OCT_2\IMG031,D:\ai intro\OCT\Adnotari\IMG031.annotation.json,Calcium Nodule,168,16,"(268, 1024, 1024, 3)",16212,Open,-1
E:\AchizitiiOctombrieUMF2021OCT_2\IMG031,D:\ai intro\OCT\Adnotari\IMG031.annotation.json,Calcium Nodule,176,16,"(268, 1024, 1024, 3)",19962.5,Open,-1
E:\AchizitiiOctombrieUMF2021OCT_2\IMG031,D:\ai intro\OCT\Adnotari\IMG031.annotation.json,Calcium Nodule,179,16,"(268, 1024, 1024, 3)",28419,Open,-1
E:\AchizitiiOctombrieUMF2021OCT_2\IMG039,D:\ai intro\OCT\Adnotari\IMG039.annotation.json,Calcium Nodule,185,7,"(539, 1024, 1024, 3)",17235,Open,-1
E:\AchizitiiOctombrieUMF2021OCT_2\IMG039,D:\ai intro\OCT\Adnotari\IMG039.annotation.json,Calcium Nodule,206,7,"(539, 1024, 1024, 3)",25750,Open,-1
E:\AchizitiiOctombrieUMF2021OCT_2\IMG039,D:\ai intro\OCT\Adnotari\IMG039.annotation.json,Calcium Nodule,226,7,"(539, 1024, 1024, 3)",20954.5,Open,-1
E:\AchizitiiOctombrieUMF2021OCT_2\IMG039,D:\ai intro\OCT\Adnotari\IMG039.annotation.json,Calcium Nodule,237,7,"(539, 1024, 1024, 3)",17215.5,Open,-1
E:\AchizitiiOctombrieUMF2021OCT_2\IMG039,D:\ai intro\OCT\Adnotari\IMG039.annotation.json,Calcium Nodule,148,12,"(271, 1024, 1024, 3)",16101.5,Closed,0
E:\AchizitiiOctombrieUMF2021OCT_2\IMG039,D:\ai intro\OCT\Adnotari\IMG039.annotation.json,Calcium Nodule,151,12,"(271, 1024, 1024, 3)",16196,Closed,0
E:\AchizitiiOctombrieUMF2021OCT_2\IMG039,D:\ai intro\OCT\Adnotari\IMG039.annotation.json,Calcium Nodule,264,7,"(539, 1024, 1024, 3)",3757.5,Open,-1
E:\AchizitiiOctombrieUMF2021OCT_2\IMG041,D:\ai intro\OCT\Adnotari\IMG041.annotation.json,Calcium Nodule,168,11,"(539, 1024, 1024, 3)",12551.5,Open,-1
E:\AchizitiiOctombrieUMF2021OCT_2\IMG041,D:\ai intro\OCT\Adnotari\IMG041.annotation.json,Calcium Nodule,181,11,"(539, 1024, 1024, 3)",13996,Open,-1
E:\AchizitiiOctombrieUMF2021OCT_2\IMG041,D:\ai intro\OCT\Adnotari\IMG041.annotation.json,Calcium Nodule,166,7,"(271, 1024, 1024, 3)",16645,Closed,0.372567291
E:\AchizitiiOctombrieUMF2021OCT_2\IMG041,D:\ai intro\OCT\Adnotari\IMG041.annotation.json,Calcium Nodule,219,11,"(539, 1024, 1024, 3)",11788,Open,-1
E:\AchizitiiOctombrieUMF2021OCT_2\IMG041,D:\ai intro\OCT\Adnotari\IMG041.annotation.json,Calcium Nodule,238,11,"(539, 1024, 1024, 3)",26397.5,Open,-1
E:\AchizitiiOctombrieUMF2021OCT_2\IMG041,D:\ai intro\OCT\Adnotari\IMG041.annotation.json,Calcium Nodule,288,11,"(539, 1024, 1024, 3)",2126,Open,-1
E:\AchizitiiOctombrieUMF2021OCT_2\IMG041,D:\ai intro\OCT\Adnotari\IMG041.annotation.json,Calcium Nodule,296,9,"(539, 1024, 1024, 3)",17121.5,Closed,0
E:\AchizitiiOctombrieUMF2021OCT_2\IMG041,D:\ai intro\OCT\Adnotari\IMG041.annotation.json,Calcium Nodule,338,11,"(539, 1024, 1024, 3)",67245,Open,-1
E:\AchizitiiOctombrieUMF2021OCT_2\IMG041,D:\ai intro\OCT\Adnotari\IMG041.annotation.json,Calcium Nodule,357,11,"(539, 1024, 1024, 3)",22676.5,Open,-1
E:\AchizitiiOctombrieUMF2021OCT_2\IMG041,D:\ai intro\OCT\Adnotari\IMG041.annotation.json,Calcium Nodule,24,4,"(271, 1024, 1024, 3)",17846,Closed,0
E:\AchizitiiOctombrieUMF2021OCT_2\IMG041,D:\ai intro\OCT\Adnotari\IMG041.annotation.json,Calcium Nodule,70,3,"(268, 1024, 1024, 3)",17992.5,Closed,0
E:\AchizitiiOctombrieUMF2021OCT_2\IMG043,D:\ai intro\OCT\Adnotari\IMG043.annotation.json,Calcium Nodule,466,8,"(539, 1024, 1024, 3)",36833.5,Open,-1
E:\AchizitiiOctombrieUMF2021OCT_2\IMG043,D:\ai intro\OCT\Adnotari\IMG043.annotation.json,Calcium Nodule,475,8,"(539, 1024, 1024, 3)",36464,Open,-1
E:\AchizitiiOctombrieUMF2021OCT_2\IMG043,D:\ai intro\OCT\Adnotari\IMG043.annotation.json,Calcium Nodule,488,8,"(539, 1024, 1024, 3)",33540,Open,-1
E:\AchizitiiOctombrieUMF2021OCT_2\IMG043,D:\ai intro\OCT\Adnotari\IMG043.annotation.json,Calcium Nodule,501,8,"(539, 1024, 1024, 3)",19114.5,Open,-1
E:\AchizitiiOctombrieUMF2021OCT_2\IMG043,D:\ai intro\OCT\Adnotari\IMG043.annotation.json,Calcium Nodule,511,8,"(539, 1024, 1024, 3)",11375.5,Open,-1
E:\AchizitiiOctombrieUMF2021OCT_2\IMG043,D:\ai intro\OCT\Adnotari\IMG043.annotation.json,Calcium Nodule,521,8,"(539, 1024, 1024, 3)",30176.5,Open,-1
E:\AchizitiiOctombrieUMF2021OCT_2\IMG043,D:\ai intro\OCT\Adnotari\IMG043.annotation.json,Calcium Nodule,529,8,"(539, 1024, 1024, 3)",19386.5,Open,-1
E:\AchizitiiOctombrieUMF2021OCT_2\IMG043,D:\ai intro\OCT\Adnotari\IMG043.annotation.json,Calcium Nodule,536,8,"(539, 1024, 1024, 3)",13083,Open,-1
E:\AchizitiiOctombrieUMF2021OCT_2\IMG043,D:\ai intro\OCT\Adnotari\IMG043.annotation.json,Calcium Nodule,145,13,"(539, 1024, 1024, 3)",2911.5,Open,-1
E:\AchizitiiOctombrieUMF2021OCT_2\IMG043,D:\ai intro\OCT\Adnotari\IMG043.annotation.json,Calcium Nodule,152,13,"(539, 1024, 1024, 3)",5208.5,Open,-1
E:\AchizitiiOctombrieUMF2021OCT_2\IMG043,D:\ai intro\OCT\Adnotari\IMG043.annotation.json,Calcium Nodule,64,6,"(268, 1024, 1024, 3)",18786.5,Closed,0.113977033
E:\AchizitiiOctombrieUMF2021OCT_2\IMG043,D:\ai intro\OCT\Adnotari\IMG043.annotation.json,Calcium Nodule,172,13,"(539, 1024, 1024, 3)",12042,Open,-1
E:\AchizitiiOctombrieUMF2021OCT_2\IMG043,D:\ai intro\OCT\Adnotari\IMG043.annotation.json,Calcium Nodule,179,13,"(539, 1024, 1024, 3)",16869,Open,-1
E:\AchizitiiOctombrieUMF2021OCT_2\IMG047,D:\ai intro\OCT\Adnotari\IMG047.annotation.json,Calcium Nodule,57,2,"(269, 1024, 1024, 3)",14085,Open,-1
E:\AchizitiiOctombrieUMF2021OCT_2\IMG047,D:\ai intro\OCT\Adnotari\IMG047.annotation.json,Calcium Nodule,60,2,"(269, 1024, 1024, 3)",16345.5,Open,-1
E:\AchizitiiOctombrieUMF2021OCT_2\IMG047,D:\ai intro\OCT\Adnotari\IMG047.annotation.json,Calcium Nodule,23,10,"(271, 1024, 1024, 3)",18903.5,Closed,0
E:\AchizitiiOctombrieUMF2021OCT_2\IMG047,D:\ai intro\OCT\Adnotari\IMG047.annotation.json,Calcium Nodule,33,5,"(269, 1024, 1024, 3)",9128,Open,-1
E:\AchizitiiOctombrieUMF2021OCT_2\IMG047,D:\ai intro\OCT\Adnotari\IMG047.annotation.json,Calcium Nodule,36,5,"(269, 1024, 1024, 3)",13198,Open,-1
E:\AchizitiiOctombrieUMF2021OCT_2\IMG047,D:\ai intro\OCT\Adnotari\IMG047.annotation.json,Calcium Nodule,149,12,"(271, 1024, 1024, 3)",19073.5,Closed,0
E:\AchizitiiOctombrieUMF2021OCT_2\IMG047,D:\ai intro\OCT\Adnotari\IMG047.annotation.json,Calcium Nodule,158,7,"(271, 1024, 1024, 3)",19570,Closed,0.140270506
E:\AchizitiiOctombrieUMF2021OCT_2\IMG048,D:\ai intro\OCT\Adnotari\IMG048.annotation.json,Calcium Nodule,221,6,"(271, 1024, 1024, 3)",19721.5,Closed,0
E:\AchizitiiOctombrieUMF2021OCT_2\IMG048,D:\ai intro\OCT\Adnotari\IMG048.annotation.json,Calcium Nodule,147,4,"(539, 1024, 1024, 3)",19117.5,Open,-1
E:\AchizitiiOctombrieUMF2021OCT_2\IMG048,D:\ai intro\OCT\Adnotari\IMG048.annotation.json,Calcium Nodule,155,4,"(539, 1024, 1024, 3)",18384,Open,-1
E:\AchizitiiOctombrieUMF2021OCT_2\IMG048,D:\ai intro\OCT\Adnotari\IMG048.annotation.json,Calcium Nodule,164,4,"(539, 1024, 1024, 3)",8627,Open,-1
E:\AchizitiiOctombrieUMF2021OCT_2\IMG049,D:\ai intro\OCT\Adnotari\IMG049.annotation.json,Calcium Nodule,305,5,"(539, 1024, 1024, 3)",900.5,Open,-1
E:\AchizitiiOctombrieUMF2021OCT_2\IMG049,D:\ai intro\OCT\Adnotari\IMG049.annotation.json,Calcium Nodule,321,5,"(539, 1024, 1024, 3)",2203.5,Open,-1
E:\AchizitiiOctombrieUMF2021OCT_2\IMG049,D:\ai intro\OCT\Adnotari\IMG049.annotation.json,Calcium Nodule,328,5,"(539, 1024, 1024, 3)",13675,Open,-1
E:\AchizitiiOctombrieUMF2021OCT_2\IMG049,D:\ai intro\OCT\Adnotari\IMG049.annotation.json,Calcium Nodule,335,5,"(539, 1024, 1024, 3)",14618,Open,-1
E:\AchizitiiOctombrieUMF2021OCT_2\IMG049,D:\ai intro\OCT\Adnotari\IMG049.annotation.json,Calcium Nodule,346,5,"(539, 1024, 1024, 3)",8139.5,Open,-1
E:\AchizitiiOctombrieUMF2021OCT_2\IMG050,D:\ai intro\OCT\Adnotari\IMG050.annotation.json,Calcium Nodule,126,7,"(539, 1024, 1024, 3)",42136,Open,-1
E:\AchizitiiOctombrieUMF2021OCT_2\IMG050,D:\ai intro\OCT\Adnotari\IMG050.annotation.json,Calcium Nodule,132,7,"(539, 1024, 1024, 3)",40095,Open,-1
E:\AchizitiiOctombrieUMF2021OCT_2\IMG050,D:\ai intro\OCT\Adnotari\IMG050.annotation.json,Calcium Nodule,137,7,"(539, 1024, 1024, 3)",44605,Open,-1
E:\AchizitiiOctombrieUMF2021OCT_2\IMG050,D:\ai intro\OCT\Adnotari\IMG050.annotation.json,Calcium Nodule,148,7,"(539, 1024, 1024, 3)",4054,Open,-1
E:\AchizitiiOctombrieUMF2021OCT_2\IMG050,D:\ai intro\OCT\Adnotari\IMG050.annotation.json,Calcium Nodule,168,7,"(539, 1024, 1024, 3)",14193.5,Open,-1
E:\AchizitiiOctombrieUMF2021OCT_2\IMG050,D:\ai intro\OCT\Adnotari\IMG050.annotation.json,Calcium Nodule,87,7,"(539, 1024, 1024, 3)",13450,Open,-1
E:\AchizitiiOctombrieUMF2021OCT_2\IMG050,D:\ai intro\OCT\Adnotari\IMG050.annotation.json,Calcium Nodule,97,7,"(539, 1024, 1024, 3)",2456,Open,-1
E:\AchizitiiOctombrieUMF2021OCT_2\IMG050,D:\ai intro\OCT\Adnotari\IMG050.annotation.json,Calcium Nodule,251,19,"(539, 1024, 1024, 3)",40333,Open,-1
E:\AchizitiiOctombrieUMF2021OCT_2\IMG050,D:\ai intro\OCT\Adnotari\IMG050.annotation.json,Calcium Nodule,257,19,"(539, 1024, 1024, 3)",25411,Open,-1
E:\AchizitiiOctombrieUMF2021OCT_2\IMG050,D:\ai intro\OCT\Adnotari\IMG050.annotation.json,Calcium Nodule,261,19,"(539, 1024, 1024, 3)",34260.5,Open,-1
E:\AchizitiiOctombrieUMF2021OCT_2\IMG050,D:\ai intro\OCT\Adnotari\IMG050.annotation.json,Calcium Nodule,271,19,"(539, 1024, 1024, 3)",38115.5,Open,-1
E:\AchizitiiOctombrieUMF2021OCT_2\IMG050,D:\ai intro\OCT\Adnotari\IMG050.annotation.json,Calcium Nodule,279,19,"(539, 1024, 1024, 3)",17683.5,Open,-1
E:\AchizitiiOctombrieUMF2021OCT_2\IMG050,D:\ai intro\OCT\Adnotari\IMG050.annotation.json,Calcium Nodule,289,19,"(539, 1024, 1024, 3)",10254,Open,-1
E:\AchizitiiOctombrieUMF2021OCT_2\IMG050,D:\ai intro\OCT\Adnotari\IMG050.annotation.json,Calcium Nodule,310,19,"(539, 1024, 1024, 3)",9117.5,Open,-1
E:\AchizitiiOctombrieUMF2021OCT_2\IMG050,D:\ai intro\OCT\Adnotari\IMG050.annotation.json,Calcium Nodule,318,19,"(539, 1024, 1024, 3)",8273,Open,-1
E:\AchizitiiOctombrieUMF2021OCT_2\IMG050,D:\ai intro\OCT\Adnotari\IMG050.annotation.json,Calcium Nodule,329,19,"(539, 1024, 1024, 3)",14355,Open,-1
E:\AchizitiiOctombrieUMF2021OCT_2\IMG050,D:\ai intro\OCT\Adnotari\IMG050.annotation.json,Calcium Nodule,344,19,"(539, 1024, 1024, 3)",7319.5,Open,-1
E:\AchizitiiOctombrieUMF2021OCT_2\IMG050,D:\ai intro\OCT\Adnotari\IMG050.annotation.json,Calcium Nodule,366,19,"(539, 1024, 1024, 3)",5079.5,Open,-1
E:\AchizitiiOctombrieUMF2021OCT_2\IMG050,D:\ai intro\OCT\Adnotari\IMG050.annotation.json,Calcium Nodule,376,19,"(539, 1024, 1024, 3)",24750.5,Open,-1
E:\AchizitiiOctombrieUMF2021OCT_2\IMG053,D:\ai intro\OCT\Adnotari\IMG053.annotation.json,Calcium Nodule,398,8,"(539, 1024, 1024, 3)",12996,Open,-1
E:\AchizitiiOctombrieUMF2021OCT_2\IMG053,D:\ai intro\OCT\Adnotari\IMG053.annotation.json,Calcium Nodule,399,8,"(539, 1024, 1024, 3)",20021.5,Open,-1
E:\AchizitiiOctombrieUMF2021OCT_2\IMG053,D:\ai intro\OCT\Adnotari\IMG053.annotation.json,Calcium Nodule,402,8,"(539, 1024, 1024, 3)",15737,Open,-1
E:\AchizitiiOctombrieUMF2021OCT_2\IMG053,D:\ai intro\OCT\Adnotari\IMG053.annotation.json,Calcium Nodule,413,8,"(539, 1024, 1024, 3)",29231,Open,-1
E:\AchizitiiOctombrieUMF2021OCT_2\IMG053,D:\ai intro\OCT\Adnotari\IMG053.annotation.json,Calcium Nodule,415,8,"(539, 1024, 1024, 3)",28597,Open,-1
E:\AchizitiiOctombrieUMF2021OCT_2\IMG053,D:\ai intro\OCT\Adnotari\IMG053.annotation.json,Calcium Nodule,418,8,"(539, 1024, 1024, 3)",22871.5,Open,-1
E:\AchizitiiOctombrieUMF2021OCT_2\IMG053,D:\ai intro\OCT\Adnotari\IMG053.annotation.json,Calcium Nodule,444,8,"(539, 1024, 1024, 3)",30714,Open,-1
E:\AchizitiiOctombrieUMF2021OCT_2\IMG053,D:\ai intro\OCT\Adnotari\IMG053.annotation.json,Calcium Nodule,457,8,"(539, 1024, 1024, 3)",10158.5,Open,-1
E:\AchizitiiOctombrieUMF2021OCT_2\IMG057,D:\ai intro\OCT\Adnotari\IMG057.annotation.json,Calcium Nodule,273,5,"(539, 1024, 1024, 3)",29895.5,Open,-1
E:\AchizitiiOctombrieUMF2021OCT_2\IMG057,D:\ai intro\OCT\Adnotari\IMG057.annotation.json,Calcium Nodule,288,5,"(539, 1024, 1024, 3)",29336,Open,-1
E:\AchizitiiOctombrieUMF2021OCT_2\IMG057,D:\ai intro\OCT\Adnotari\IMG057.annotation.json,Calcium Nodule,296,5,"(539, 1024, 1024, 3)",39713,Open,-1
E:\AchizitiiOctombrieUMF2021OCT_2\IMG057,D:\ai intro\OCT\Adnotari\IMG057.annotation.json,Calcium Nodule,327,5,"(539, 1024, 1024, 3)",51106.5,Open,-1
E:\AchizitiiOctombrieUMF2021OCT_2\IMG057,D:\ai intro\OCT\Adnotari\IMG057.annotation.json,Calcium Nodule,344,5,"(539, 1024, 1024, 3)",44377.5,Open,-1
E:\AchizitiiOctombrieUMF2021OCT_2\IMG058,D:\ai intro\OCT\Adnotari\IMG058.annotation.json,Calcium Nodule,329,1,"(539, 1024, 1024, 3)",10867.5,Open,-1
E:\AchizitiiOctombrieUMF2021OCT_2\IMG059,D:\ai intro\OCT\Adnotari\IMG059.annotation.json,Calcium Nodule,219,6,"(271, 1024, 1024, 3)",19960,Closed,0
E:\AchizitiiOctombrieUMF2021OCT_2\IMG059,D:\ai intro\OCT\Adnotari\IMG059.annotation.json,Calcium Nodule,24,3,"(539, 1024, 1024, 3)",3193.5,Open,-1
E:\AchizitiiOctombrieUMF2021OCT_2\IMG059,D:\ai intro\OCT\Adnotari\IMG059.annotation.json,Calcium Nodule,9,3,"(539, 1024, 1024, 3)",12696,Open,-1
E:\AchizitiiOctombrieUMF2021OCT_2\IMG059,D:\ai intro\OCT\Adnotari\IMG059.annotation.json,Calcium Nodule,66,6,"(268, 1024, 1024, 3)",19992,Closed,0.181904311
E:\AchizitiiOctombrieUMF2021OCT_2\IMG059,D:\ai intro\OCT\Adnotari\IMG059.annotation.json,Calcium Nodule,21,7,"(269, 1024, 1024, 3)",20053.5,Closed,0
E:\AchizitiiOctombrieUMF2021OCT_2\IMG059,D:\ai intro\OCT\Adnotari\IMG059.annotation.json,Calcium Nodule,163,10,"(539, 1024, 1024, 3)",20962.5,Open,-1
E:\AchizitiiOctombrieUMF2021OCT_2\IMG059,D:\ai intro\OCT\Adnotari\IMG059.annotation.json,Calcium Nodule,165,10,"(539, 1024, 1024, 3)",20814,Open,-1
E:\AchizitiiOctombrieUMF2021OCT_2\IMG059,D:\ai intro\OCT\Adnotari\IMG059.annotation.json,Calcium Nodule,169,10,"(539, 1024, 1024, 3)",13104.5,Open,-1
E:\AchizitiiOctombrieUMF2021OCT_2\IMG059,D:\ai intro\OCT\Adnotari\IMG059.annotation.json,Calcium Nodule,183,10,"(539, 1024, 1024, 3)",5918,Open,-1
E:\AchizitiiOctombrieUMF2021OCT_2\IMG059,D:\ai intro\OCT\Adnotari\IMG059.annotation.json,Calcium Nodule,193,10,"(539, 1024, 1024, 3)",9887.5,Open,-1
E:\AchizitiiOctombrieUMF2021OCT_2\IMG059,D:\ai intro\OCT\Adnotari\IMG059.annotation.json,Calcium Nodule,279,11,"(539, 1024, 1024, 3)",6805,Open,-1
E:\AchizitiiOctombrieUMF2021OCT_2\IMG061,D:\ai intro\OCT\Adnotari\IMG061.annotation.json,Calcium Nodule,71,10,"(271, 1024, 1024, 3)",20087.5,Closed,0
E:\AchizitiiOctombrieUMF2021OCT_2\IMG061,D:\ai intro\OCT\Adnotari\IMG061.annotation.json,Calcium Nodule,194,11,"(539, 1024, 1024, 3)",20354,Closed,0.508664855
E:\AchizitiiOctombrieUMF2021OCT_2\IMG061,D:\ai intro\OCT\Adnotari\IMG061.annotation.json,Calcium Nodule,26,10,"(271, 1024, 1024, 3)",20526.5,Closed,0
E:\AchizitiiOctombrieUMF2021OCT_2\IMG061,D:\ai intro\OCT\Adnotari\IMG061.annotation.json,Calcium Nodule,25,10,"(271, 1024, 1024, 3)",21019,Closed,0
E:\AchizitiiOctombrieUMF2021OCT_2\IMG061,D:\ai intro\OCT\Adnotari\IMG061.annotation.json,Calcium Nodule,158,19,"(271, 1024, 1024, 3)",21156,Closed,0.026607163
E:\AchizitiiOctombrieUMF2021OCT_2\IMG061,D:\ai intro\OCT\Adnotari\IMG061.annotation.json,Calcium Nodule,115,15,"(268, 1024, 1024, 3)",21578.5,Closed,0.011289956
E:\AchizitiiOctombrieUMF2021OCT_2\IMG061,D:\ai intro\OCT\Adnotari\IMG061.annotation.json,Calcium Nodule,30,10,"(271, 1024, 1024, 3)",21837,Closed,0.039295513
E:\AchizitiiOctombrieUMF2021OCT_2\IMG061,D:\ai intro\OCT\Adnotari\IMG061.annotation.json,Calcium Nodule,82,6,"(268, 1024, 1024, 3)",22117,Closed,0.079024561
E:\AchizitiiOctombrieUMF2021OCT_2\IMG062,D:\ai intro\OCT\Adnotari\IMG062.annotation.json,Calcium Nodule,73,10,"(271, 1024, 1024, 3)",22688.5,Closed,0
E:\AchizitiiOctombrieUMF2021OCT_2\IMG062,D:\ai intro\OCT\Adnotari\IMG062.annotation.json,Calcium Nodule,134,19,"(271, 1024, 1024, 3)",22929.5,Closed,0
E:\AchizitiiOctombrieUMF2021OCT_2\IMG062,D:\ai intro\OCT\Adnotari\IMG062.annotation.json,Calcium Nodule,164,19,"(271, 1024, 1024, 3)",24092,Closed,0
E:\AchizitiiOctombrieUMF2021OCT_2\IMG062,D:\ai intro\OCT\Adnotari\IMG062.annotation.json,Calcium Nodule,156,16,"(268, 1024, 1024, 3)",25041.5,Closed,0
E:\AchizitiiOctombrieUMF2021OCT_2\IMG062,D:\ai intro\OCT\Adnotari\IMG062.annotation.json,Calcium Nodule,69,6,"(268, 1024, 1024, 3)",25142.5,Closed,0.084891137
E:\AchizitiiOctombrieUMF2021OCT_2\IMG062,D:\ai intro\OCT\Adnotari\IMG062.annotation.json,Calcium Nodule,178,19,"(271, 1024, 1024, 3)",25346.5,Closed,0
E:\AchizitiiOctombrieUMF2021OCT_2\IMG062,D:\ai intro\OCT\Adnotari\IMG062.annotation.json,Calcium Nodule,379,11,"(539, 1024, 1024, 3)",25667,Closed,0.397273919
E:\AchizitiiOctombrieUMF2021OCT_2\IMG062,D:\ai intro\OCT\Adnotari\IMG062.annotation.json,Calcium Nodule,369,11,"(539, 1024, 1024, 3)",25902,Closed,0
E:\AchizitiiOctombrieUMF2021OCT_2\IMG062,D:\ai intro\OCT\Adnotari\IMG062.annotation.json,Calcium Nodule,77,10,"(271, 1024, 1024, 3)",27060.5,Closed,0
E:\AchizitiiOctombrieUMF2021OCT_2\IMG062,D:\ai intro\OCT\Adnotari\IMG062.annotation.json,Calcium Nodule,145,9,"(271, 1024, 1024, 3)",27066.5,Closed,0.044675525
E:\AchizitiiOctombrieUMF2021OCT_2\IMG064,D:\ai intro\OCT\Adnotari\IMG064.annotation.json,Calcium Nodule,70,5,"(271, 1024, 1024, 3)",17718.5,Open,-1
E:\AchizitiiOctombrieUMF2021OCT_2\IMG064,D:\ai intro\OCT\Adnotari\IMG064.annotation.json,Calcium Nodule,71,5,"(271, 1024, 1024, 3)",20845.5,Closed,-1
E:\AchizitiiOctombrieUMF2021OCT_2\IMG064,D:\ai intro\OCT\Adnotari\IMG064.annotation.json,Calcium Nodule,81,5,"(271, 1024, 1024, 3)",25751,Closed,-1
E:\AchizitiiOctombrieUMF2021OCT_2\IMG064,D:\ai intro\OCT\Adnotari\IMG064.annotation.json,Calcium Nodule,87,5,"(271, 1024, 1024, 3)",24021,Closed,-1
E:\AchizitiiOctombrieUMF2021OCT_2\IMG064,D:\ai intro\OCT\Adnotari\IMG064.annotation.json,Calcium Nodule,92,5,"(271, 1024, 1024, 3)",20010.5,Closed,-1
E:\AchizitiiOctombrieUMF2021OCT_2\IMG067,D:\ai intro\OCT\Adnotari\IMG067.annotation.json,Calcium Nodule,149,9,"(271, 1024, 1024, 3)",27568.5,Closed,0.13122856
E:\AchizitiiOctombrieUMF2021OCT_2\IMG067,D:\ai intro\OCT\Adnotari\IMG067.annotation.json,Calcium Nodule,212,12,"(268, 1024, 1024, 3)",28294,Closed,0.234742177
E:\AchizitiiOctombrieUMF2021OCT_2\IMG067,D:\ai intro\OCT\Adnotari\IMG067.annotation.json,Calcium Nodule,139,19,"(271, 1024, 1024, 3)",28334.5,Closed,0
E:\AchizitiiOctombrieUMF2021OCT_2\IMG067,D:\ai intro\OCT\Adnotari\IMG067.annotation.json,Calcium Nodule,231,19,"(271, 1024, 1024, 3)",28433,Closed,0
E:\AchizitiiOctombrieUMF2021OCT_2\IMG068,D:\ai intro\OCT\Adnotari\IMG068.annotation.json,Calcium Nodule,151,9,"(271, 1024, 1024, 3)",28779,Closed,0.254017711
E:\AchizitiiOctombrieUMF2021OCT_2\IMG068,D:\ai intro\OCT\Adnotari\IMG068.annotation.json,Calcium Nodule,95,10,"(271, 1024, 1024, 3)",29422.5,Closed,0
E:\AchizitiiOctombrieUMF2021OCT_2\IMG069,D:\ai intro\OCT\Adnotari\IMG069.annotation.json,Calcium Nodule,227,2,"(268, 1024, 1024, 3)",4662.5,Open,-1
E:\AchizitiiOctombrieUMF2021OCT_2\IMG069,D:\ai intro\OCT\Adnotari\IMG069.annotation.json,Calcium Nodule,190,19,"(271, 1024, 1024, 3)",30411.5,Closed,0.433370151
E:\AchizitiiOctombrieUMF2021OCT_2\IMG070,D:\ai intro\OCT\Adnotari\IMG070.annotation.json,Calcium Nodule,159,9,"(271, 1024, 1024, 3)",30660,Closed,0
E:\AchizitiiOctombrieUMF2021OCT_2\IMG070,D:\ai intro\OCT\Adnotari\IMG070.annotation.json,Calcium Nodule,93,4,"(268, 1024, 1024, 3)",7667,Open,-1
E:\AchizitiiOctombrieUMF2021OCT_2\IMG070,D:\ai intro\OCT\Adnotari\IMG070.annotation.json,Calcium Nodule,247,19,"(271, 1024, 1024, 3)",32163,Closed,0.102179837
E:\AchizitiiOctombrieUMF2021OCT_2\IMG070,D:\ai intro\OCT\Adnotari\IMG070.annotation.json,Calcium Nodule,147,9,"(271, 1024, 1024, 3)",32482,Closed,0.187611431
E:\AchizitiiOctombrieUMF2021OCT_2\IMG071,D:\ai intro\OCT\Adnotari\IMG071.annotation.json,Calcium Nodule,139,15,"(268, 1024, 1024, 3)",33055.5,Closed,0
E:\AchizitiiOctombrieUMF2021OCT_2\IMG071,D:\ai intro\OCT\Adnotari\IMG071.annotation.json,Calcium Nodule,104,15,"(268, 1024, 1024, 3)",34909.5,Closed,0.165884849
E:\AchizitiiOctombrieUMF2021OCT_2\IMG071,D:\ai intro\OCT\Adnotari\IMG071.annotation.json,Calcium Nodule,101,10,"(271, 1024, 1024, 3)",35656,Closed,0.080204067
E:\AchizitiiOctombrieUMF2021OCT_2\IMG071,D:\ai intro\OCT\Adnotari\IMG071.annotation.json,Calcium Nodule,184,19,"(271, 1024, 1024, 3)",35701,Closed,0.230914683
E:\AchizitiiOctombrieUMF2021OCT_2\IMG071,D:\ai intro\OCT\Adnotari\IMG071.annotation.json,Calcium Nodule,225,19,"(271, 1024, 1024, 3)",36155,Closed,0
E:\AchizitiiOctombrieUMF2021OCT_2\IMG071,D:\ai intro\OCT\Adnotari\IMG071.annotation.json,Calcium Nodule,99,10,"(271, 1024, 1024, 3)",36345,Closed,0.064876152
E:\AchizitiiOctombrieUMF2021OCT_2\IMG071,D:\ai intro\OCT\Adnotari\IMG071.annotation.json,Calcium Nodule,236,19,"(271, 1024, 1024, 3)",38650.5,Closed,0
E:\AchizitiiOctombrieUMF2021OCT_2\IMG072,D:\ai intro\OCT\Adnotari\IMG072.annotation.json,Calcium Nodule,221,19,"(271, 1024, 1024, 3)",39097,Closed,0
E:\AchizitiiOctombrieUMF2021OCT_2\IMG072,D:\ai intro\OCT\Adnotari\IMG072.annotation.json,Calcium Nodule,165,9,"(271, 1024, 1024, 3)",39881.5,Closed,0
E:\AchizitiiOctombrieUMF2021OCT_2\IMG072,D:\ai intro\OCT\Adnotari\IMG072.annotation.json,Calcium Nodule,217,19,"(271, 1024, 1024, 3)",40050,Closed,0
E:\AchizitiiOctombrieUMF2021OCT_2\IMG072,D:\ai intro\OCT\Adnotari\IMG072.annotation.json,Calcium Nodule,168,9,"(271, 1024, 1024, 3)",40358.5,Closed,0
E:\AchizitiiOctombrieUMF2021OCT_2\IMG072,D:\ai intro\OCT\Adnotari\IMG072.annotation.json,Calcium Nodule,207,19,"(271, 1024, 1024, 3)",40626,Closed,0.079177489
E:\AchizitiiOctombrieUMF2021OCT_2\IMG072,D:\ai intro\OCT\Adnotari\IMG072.annotation.json,Calcium Nodule,146,12,"(271, 1024, 1024, 3)",40660.5,Closed,0
E:\AchizitiiOctombrieUMF2021OCT_2\IMG072,D:\ai intro\OCT\Adnotari\IMG072.annotation.json,Calcium Nodule,110,15,"(268, 1024, 1024, 3)",41068,Closed,0.170411619
E:\AchizitiiOctombrieUMF2021OCT_2\IMG072,D:\ai intro\OCT\Adnotari\IMG072.annotation.json,Calcium Nodule,212,19,"(271, 1024, 1024, 3)",41183.5,Closed,0.001174945
E:\AchizitiiOctombrieUMF2021OCT_2\IMG072,D:\ai intro\OCT\Adnotari\IMG072.annotation.json,Calcium Nodule,111,19,"(271, 1024, 1024, 3)",41966,Closed,0
E:\AchizitiiOctombrieUMF2021OCT_2\IMG072,D:\ai intro\OCT\Adnotari\IMG072.annotation.json,Calcium Nodule,115,19,"(271, 1024, 1024, 3)",44598.5,Closed,0
E:\AchizitiiOctombrieUMF2021OCT_2\IMG072,D:\ai intro\OCT\Adnotari\IMG072.annotation.json,Calcium Nodule,199,19,"(271, 1024, 1024, 3)",46956,Closed,0.155725191
E:\AchizitiiOctombrieUMF2021OCT_2\IMG072,D:\ai intro\OCT\Adnotari\IMG072.annotation.json,Calcium Nodule,128,12,"(268, 1024, 1024, 3)",47534,Closed,0
E:\AchizitiiOctombrieUMF2021OCT_2\IMG072,D:\ai intro\OCT\Adnotari\IMG072.annotation.json,Calcium Nodule,144,12,"(271, 1024, 1024, 3)",47704,Closed,0
E:\AchizitiiOctombrieUMF2021OCT_2\IMG072,D:\ai intro\OCT\Adnotari\IMG072.annotation.json,Calcium Nodule,163,9,"(271, 1024, 1024, 3)",48888.5,Closed,0.00360413
E:\AchizitiiOctombrieUMF2021OCT_2\IMG072,D:\ai intro\OCT\Adnotari\IMG072.annotation.json,Calcium Nodule,95,15,"(268, 1024, 1024, 3)",50951.5,Closed,0.326989064
E:\AchizitiiOctombrieUMF2021OCT_2\IMG073,D:\ai intro\OCT\Adnotari\IMG073.annotation.json,Calcium Nodule,193,12,"(268, 1024, 1024, 3)",51347,Closed,0.044066576
E:\AchizitiiOctombrieUMF2021OCT_2\IMG073,D:\ai intro\OCT\Adnotari\IMG073.annotation.json,Calcium Nodule,81,10,"(271, 1024, 1024, 3)",51723.5,Closed,0.024393776
E:\AchizitiiOctombrieUMF2021OCT_2\IMG073,D:\ai intro\OCT\Adnotari\IMG073.annotation.json,Calcium Nodule,399,6,"(539, 1024, 1024, 3)",2344.5,Open,-1
E:\AchizitiiOctombrieUMF2021OCT_2\IMG073,D:\ai intro\OCT\Adnotari\IMG073.annotation.json,Calcium Nodule,405,6,"(539, 1024, 1024, 3)",7936.5,Open,-1
E:\AchizitiiOctombrieUMF2021OCT_2\IMG073,D:\ai intro\OCT\Adnotari\IMG073.annotation.json,Calcium Nodule,410,6,"(539, 1024, 1024, 3)",7338,Open,-1
E:\AchizitiiOctombrieUMF2021OCT_2\IMG073,D:\ai intro\OCT\Adnotari\IMG073.annotation.json,Calcium Nodule,417,6,"(539, 1024, 1024, 3)",7545.5,Open,-1
E:\AchizitiiOctombrieUMF2021OCT_2\IMG074,D:\ai intro\OCT\Adnotari\IMG074.annotation.json,Calcium Nodule,88,10,"(271, 1024, 1024, 3)",52229.5,Closed,0.005753567
E:\AchizitiiOctombrieUMF2021OCT_2\IMG074,D:\ai intro\OCT\Adnotari\IMG074.annotation.json,Calcium Nodule,196,12,"(268, 1024, 1024, 3)",53021.5,Closed,0.156547559
E:\AchizitiiOctombrieUMF2021OCT_2\IMG074,D:\ai intro\OCT\Adnotari\IMG074.annotation.json,Calcium Nodule,16,15,"(268, 1024, 1024, 3)",53776,Closed,0
E:\AchizitiiOctombrieUMF2021OCT_2\IMG075,D:\ai intro\OCT\Adnotari\IMG075.annotation.json,Calcium Nodule,198,12,"(268, 1024, 1024, 3)",56768.5,Closed,0.062541949
E:\AchizitiiOctombrieUMF2021OCT_2\IMG075,D:\ai intro\OCT\Adnotari\IMG075.annotation.json,Calcium Nodule,249,19,"(271, 1024, 1024, 3)",57607.5,Closed,0.099919636
E:\AchizitiiOctombrieUMF2021OCT_2\IMG076,D:\ai intro\OCT\Adnotari\IMG076.annotation.json,Calcium Nodule,130,7,"(271, 1024, 1024, 3)",10163.5,Open,-1
E:\AchizitiiOctombrieUMF2021OCT_2\IMG076,D:\ai intro\OCT\Adnotari\IMG076.annotation.json,Calcium Nodule,146,7,"(271, 1024, 1024, 3)",8911.5,Open,-1
E:\AchizitiiOctombrieUMF2021OCT_2\IMG076,D:\ai intro\OCT\Adnotari\IMG076.annotation.json,Calcium Nodule,155,7,"(271, 1024, 1024, 3)",19414.5,Open,-1
E:\AchizitiiOctombrieUMF2021OCT_2\IMG076,D:\ai intro\OCT\Adnotari\IMG076.annotation.json,Calcium Nodule,85,10,"(271, 1024, 1024, 3)",59299,Closed,0.004020532
E:\AchizitiiOctombrieUMF2021OCT_2\IMG076,D:\ai intro\OCT\Adnotari\IMG076.annotation.json,Calcium Nodule,186,12,"(268, 1024, 1024, 3)",62383,Closed,0.033899719
E:\AchizitiiOctombrieUMF2021OCT_2\IMG076,D:\ai intro\OCT\Adnotari\IMG076.annotation.json,Calcium Nodule,97,15,"(268, 1024, 1024, 3)",62627,Closed,0.184679634
E:\AchizitiiOctombrieUMF2021OCT_2\IMG076,D:\ai intro\OCT\Adnotari\IMG076.annotation.json,Calcium Nodule,182,12,"(268, 1024, 1024, 3)",66550,Closed,0.095326278
E:\AchizitiiOctombrieUMF2021OCT_2\IMG077,D:\ai intro\OCT\Adnotari\IMG077.annotation.json,Calcium Nodule,301,8,"(539, 1024, 1024, 3)",10753.5,Open,-1
E:\AchizitiiOctombrieUMF2021OCT_2\IMG077,D:\ai intro\OCT\Adnotari\IMG077.annotation.json,Calcium Nodule,157,12,"(268, 1024, 1024, 3)",69188.5,Closed,0.039690749
E:\AchizitiiOctombrieUMF2021OCT_2\IMG077,D:\ai intro\OCT\Adnotari\IMG077.annotation.json,Calcium Nodule,23,15,"(268, 1024, 1024, 3)",72405,Closed,0.201003287
E:\AchizitiiOctombrieUMF2021OCT_2\IMG077,D:\ai intro\OCT\Adnotari\IMG077.annotation.json,Calcium Nodule,20,15,"(268, 1024, 1024, 3)",86966,Closed,0.097553449
E:\AchizitiiOctombrieUMF2021OCT_2\IMG077,D:\ai intro\OCT\Adnotari\IMG077.annotation.json,Calcium Nodule,387,8,"(539, 1024, 1024, 3)",8138.5,Open,-1
E:\AchizitiiOctombrieUMF2021OCT_2\IMG077,D:\ai intro\OCT\Adnotari\IMG077.annotation.json,Calcium Nodule,396,8,"(539, 1024, 1024, 3)",15369.5,Open,-1
E:\AchizitiiOctombrieUMF2021OCT_2\IMG077,D:\ai intro\OCT\Adnotari\IMG077.annotation.json,Calcium Nodule,409,8,"(539, 1024, 1024, 3)",10975,Open,-1
E:\AchizitiiOctombrieUMF2021OCT_2\IMG077,D:\ai intro\OCT\Adnotari\IMG077.annotation.json,Calcium Nodule,422,8,"(539, 1024, 1024, 3)",3658.5,Open,-1
